Event,Day Start,Day Stop
1,2008-09-21,2008-10-02
2,2008-11-27,2008-11-28
3,2008-12-14,2009-02-04
4,2009-11-05,2009-11-06
5,2009-12-14,2009-12-15
6,2010-01-02,2010-01-12
7,2010-10-14,2010-10-31
8,2010-12-09,2010-12-10
9,2014-06-20,2014-06-21
10,2015-02-04,2015-02-15
11,2015-05-17,2015-05-30
12,2015-07-31,2015-08-02
13,2015-08-24,2015-10-18
14,2015-10-22,2015-10-24
15,2015-10-29,2015-10-31
16,2016-05-26,2016-05-27
17,2016-09-11,2016-09-18
18,2017-01-31,2017-02-27
19,2017-05-17,2017-05-17
20,2017-07-13,2017-08-27
21,2018-04-03,2018-04-04
22,2018-04-27,2018-06-01
23,2018-07-12,2018-07-13
24,2018-09-15,2018-11-01
25,2019-02-18,2019-03-10
26,2019-06-11,2019-06-13
27,2019-07-29,2019-07-30
28,2019-08-11,2019-08-15
29,2019-10-25,2019-10-27
30,2020-02-10,2020-02-16
31,2020-04-02,2020-04-06
32,2020-12-07,2020-12-08
33,2021-04-09,2021-05-23
34,2021-12-21,2022-01-16
